
SELECT * FROM Account;
+----+-------+----------+---------------------+------------+
| id | email | password | createdOn           | modifiedOn |
+----+-------+----------+---------------------+------------+
|  1 |       |          | 0000-00-00 00:00:00 | NULL       |
+----+-------+----------+---------------------+------------+
1 row in set (0.00 sec)


select * from AddressBook;
+----+-----------+---------+---------------------+------------+
| id | accountId | name    | createdOn           | modifiedOn |
+----+-----------+---------+---------------------+------------+
|  1 |         0 | testing | 0000-00-00 00:00:00 | NULL       |
+----+-----------+---------+---------------------+------------+
1 row in set (0.00 sec)

select * FROM Entry;
+----+---------------+-----------+-------------+---------------------+------+---------+----------------+----------------+------------------+-----------------+-----------------+
| id | addressBookId | firstName | lastName    | birthday            | type | subtype | contentLineOne | contentLineTwo | contentLineThree | contentLineFour | contentLineFive |
+----+---------------+-----------+-------------+---------------------+------+---------+----------------+----------------+------------------+-----------------+-----------------+
|  1 |             0 |           | Testingtest | NULL                | home | phone   |                | NULL           | NULL             | NULL            | NULL            |
|  2 |             0 | Testing   | NULL        | NULL                | home | phone   |                | NULL           | NULL             | NULL            | NULL            |
|  3 |             0 |           | NULL        | 0000-00-00 00:00:00 | home | phone   |                | NULL           | NULL             | NULL            | NULL            |
+----+---------------+-----------+-------------+---------------------+------+---------+----------------+----------------+------------------+-----------------+-----------------+
3 rows in set (0.00 sec)